Configuration,Mean_Input_Tokens,Mean_Output_Tokens,Mean_Time_Seconds
Base,6942.44,3467.06,56.082234910329184
+Cluster,10098.266666666666,9131.04,165.91584076404573
+Judge,8336.406666666666,2695.9733333333334,471.36513138135274
+Cluster+Judge,10615.58,9082.086666666666,1416.6826310062409
