Configuration,Mean_Input_Tokens,Mean_Output_Tokens,Mean_Time_Seconds
Base,7491.486666666667,3461.7733333333335,66.41234837690989
+Cluster,12767.686666666666,8073.46,226.21910728136697
+Judge,8511.126666666667,3072.0333333333333,622.0902223745982
+Cluster+Judge,13796.88,8529.44,3118.9890662352245
