Configuration,Mean_Input_Tokens,Mean_Output_Tokens,Mean_Time_Seconds
Base,7638.926666666666,3547.22,50.3095738140742
+Cluster,14030.573333333334,10168.146666666667,192.51942322731017
+Judge,8741.68,3237.16,554.0244899400076
+Cluster+Judge,14783.953333333333,9329.24,2061.1229939397176
